Ruta,X,Y
40,21.916395,-102.313876
40,21.916226,-102.316646
40,21.915788,-102.31832
40,21.91361,-102.318758
40,21.909597,-102.317486